sample,err_kcat,err_kcat/km,err_ki,err_km,kcat,kcat/km,ki,km,seq,yield
a192s,9.72761901651,6994.29229818,,0.00018424495364,945.844725986,185847.654798,,0.00508935518726,192,1.17
c167a,14.3773527375,3026.14195214,,0.00126701314435,478.943319361,32883.7246567,,0.0145647527572,167,0.48
c167n+w120r,,0.515397453341,,,,3.61780872675,,,167n+w120,0.24
c167q,5.54003368662,4149.18772247,,0.00019176115496,503.672186573,102414.617755,,0.00491797164909,167,0.94
d403a,0.270506439087,14.6234630515,,0.0215990397955,1.19029712151,27.0418782869,,0.0440168064095,403,0.12
e154d,46.7001792688,57174.6067168,,0.000756101151727,878.077561016,254004.224206,,0.00345694078026,154,1.42
e164a,0.00691111886849,32.8563904252,,0.000169683698143,0.191304992439,190.322967756,,0.00100515978021,164,0.42
e177a,9.96438141766,6408.29668352,,0.000224690386627,986.184001954,164804.044435,,0.00598397936976,177,0.96
e177k,7.27703673182,4493.44165458,,0.000299734578565,554.9387299,89609.2139621,,0.00619287576984,177,0.95
e177l,10.0550800707,4555.46503894,,0.000364007596809,669.545893572,89478.2654759,,0.00748277685101,177,0.77
e222a,4.26483780959,36130.3445973,,0.000154643099919,89.8790119321,143604.364997,,0.000625879386981,222,0.29
e222h,3.14032776292,1212.19661399,,0.000527834705541,159.713181489,18695.3838907,,0.00854292067079,222,0.70
e222k,3.14645820387,1617.9153803,,0.000752454684372,107.998419611,14954.5328105,,0.00722178492499,222,0.50
e222q,11.2701260654,3083.9776153,,0.00065097681424,667.634514207,54923.3786939,,0.0121557436939,222,1.30
e222r,1.87308474432,3148.40080662,,0.000442407635773,42.3185161157,17097.6898821,,0.00247510139718,222,0.15
e222y,0.772030581227,116.238943982,,0.00314131807166,11.7269679316,636.227073677,,0.0184320479539,222,0.70
e353a,,0.119813568825,,,,1.96356477174,,,353,0.56
e406a,,0.298062968334,,,,4.63823065128,,,406,0.57
e406d,1.25406113641,93.9142215859,,0.00257443491125,39.102685446,1145.74447534,,0.0341286266596,406,0.27
e423s,12.2112086561,6430.69562019,,0.000415936560051,645.637377452,97777.2332382,,0.00660314631607,423,1.08
f405a,0.0790183651357,73.737684397,,0.00154880588763,0.565425160172,160.154670103,,0.00353049436403,405,0.11
f415a,0.108772826626,20.1944325169,,0.00399553660409,1.32251197698,79.523614573,,0.0166304308988,415,0.53
f72a,8.38126790037,6000.3138955,,0.000282515876129,613.34573698,112223.617345,,0.00546538911764,72,0.44
g355a,0.0832035987885,50.0002431444,,0.00164939292419,1.01770711263,172.061000292,,0.00591480411539,355,0.17
h101r,16.1897435556,5225.3029791,,0.000532457610615,1059.11489008,99708.0994068,,0.0106221550344,101,1.03
h119a,10.6186269341,2222.11522241,,0.00335754147518,143.235153715,9483.02645719,,0.0151043714116,119,1.21
h119e,0.151690020794,1.44809197225,,0.053479296368,0.681822097464,3.85650425186,,0.176797963372,119,0.25
h119n,0.0676056503292,8.25967796928,,0.00219607955523,1.89696276291,81.7100881835,,0.023215771823,119,1.02
h178a,3.32899078191,1463.33243227,,0.000729568948515,112.761626612,14696.9633578,,0.00767244388295,178,0.25
h315n,0.432635036908,346.362870401,,0.000173680690027,47.6979041961,9595.29470201,,0.0049709681336,315,0.08
h373r,9.1215700347,5512.48959813,,0.000299052967644,707.35548632,112169.143638,,0.00630615036699,373,1.19
h379r,0.086642644289,53.0426166373,,0.00083972017053,2.37383349725,380.419945863,,0.00624003426493,379,0.14
i244e,23.2194412582,14962.9496257,,0.00103824919374,496.637175021,83136.5437839,,0.00597375296611,244,0.60
i244n,3.68627850984,7795.34945214,,0.000129657915506,271.438811423,126176.108854,,0.00215126947476,244,0.21
i300n,12.7380047204,11519.6039015,,0.000323298432709,693.375887331,154732.084282,,0.00448113841774,300,1.51
i91e,34.9868561929,15713.5223784,,0.000789160204605,846.138775384,126071.156835,,0.00671159682061,91,0.49
k341a,16.7858312313,12041.1365332,,0.000331363169263,1045.89406176,191688.507516,,0.00545621683488,341,0.92
k413a,32.6366973254,48589.4994607,,0.000483053206911,834.751193894,285858.028013,,0.00292016005181,413,1.11
l171a,9.31431022204,2850.67995877,,0.000415630929733,806.787061931,72719.2164359,,0.0110945510894,171,0.38
l171r,6.71699818224,8505.91212954,,0.000231079498468,403.472169205,120146.284218,,0.00335817434414,171,1.07
l219a,4.71233132901,2009.87243356,,0.000597442951763,198.723134022,25261.5579898,,0.00786662224484,219,0.47
m221a,15.4637327392,8701.01998506,,0.000595330142167,547.090011006,87554.1556995,,0.00624858987715,221,0.73
m261e,4.96331639003,1699.2678492,,0.00270374108387,61.6338338505,6089.97485446,,0.0101205399568,261,0.11
m323a,10.5810741102,3991.20233311,,0.000804005009937,415.572440408,44476.7620929,,0.009343585748,323,0.35
m323g,9.09914628226,1301.64813065,,0.00291276072864,153.673144506,7997.93074579,,0.0192141129237,323,0.88
m323k,0.162975362973,35.6488903824,,0.00833335349043,1.19936066667,70.3065969447,,0.0170590061074,323,0.05
m358t,11.1473305332,9224.61900655,,0.0004783693247,436.149673721,90240.5094645,,0.00483319161549,358,0.62
n163a,0.158924896751,44.4314983519,,0.000907955486017,6.66235154638,557.73485827,,0.0119453741282,163,0.74
n163c,0.402670680196,290.989789568,,0.00032011773309,25.8405358347,4765.65367783,,0.00542224374275,163,1.10
n163d,0.372670790506,77.4249017503,,0.00141456408128,11.9831009285,788.73196953,,0.0151928682892,163,1.05
n220a,8.164493782,2745.41921429,,0.00068457237385,404.924990415,39425.2979363,,0.0102706894205,220,0.62
n220d+n293d,0.0481851634516,3.6184230669,,0.00448548312321,0.861087911794,25.2849466538,,0.0340553580589,220d+n293,0.21
n220h,1.33814748639,1030.96337816,,0.000214575079578,122.611896231,23874.3704054,,0.00513571223654,220,1.12
n293a,0.189422425918,62.8759131332,,0.0004401474289,12.7037945105,1313.20884738,,0.00967385693138,293,0.68
n354a,0.104873171865,70.4967279499,,0.000666723081391,2.94676289233,547.223681113,,0.00538493306126,354,0.34
n404a,0.048931891209,18.2868352253,,0.000419513411305,3.70489626911,393.496368703,,0.0094153251816,404,1.41
n407a,0.971121341276,272.834150069,,0.000641985096207,49.5185515498,4464.48422527,,0.0110916623402,407,1.12
p329w,0.05739842963,8.15835538625,,0.00959151354215,0.36730227213,17.1763502889,,0.0213841861602,329,0.46
q19a,0.0335163288163,2.8267767388,,0.00754941218822,0.360715850289,11.2057707271,,0.032190186563,19,0.26
q19c,,0.710315385839,,,,8.17092489132,,,19,0.40
q19s,0.0845255929391,3.26322394592,,0.0132254013299,0.720767282407,12.5931304502,,0.0572349572062,19,0.43
q284r,15.3682329898,5550.41451928,,0.00134903450013,369.775117942,38182.224659,,0.00968448332292,284,0.52
q313r,23.9327990024,28109.253608,,0.000508533319778,689.253016881,192372.602909,,0.00358290633103,313,1.07
r240a,258.386481408,36383.9588074,,0.00116525357865,11010.5842944,565763.424977,,0.0194614635876,240,1.11
r240d,3.78948573042,1196.12141527,,0.00047416899264,282.27017175,26092.6313497,,0.0108180032886,240,0.80
r240k,58.7007480746,10101.6541209,,0.0033170002782,898.312827484,50829.3774212,,0.0176731030963,240,1.40
r76a,0.159475742142,38.2324702777,,0.00255771662013,2.60453333502,192.449899768,,0.0135335655573,76,0.10
s14a,11.3509234789,4972.18642941,,0.00101598351409,320.474834545,38822.9668915,,0.00825477443391,14,0.60
s16a,1.44236333372,331.373054122,,0.000401239064999,154.044417927,10996.5496851,,0.014008431948,16,0.83
s17a,75.6222505611,10135.301208,,0.00372055602204,848.446964248,45977.5347425,,0.0184535114594,17,0.65
s17e,9.32605280967,4718.85547744,,0.000379677277538,641.188286834,87596.2615387,,0.00731981337525,17,1.01
s298e,1.86482099636,1390.69308619,,4.63350529782e-05,809.167466286,153263.951562,,0.00527956807872,298,1.10
s331a,5.38076490247,5055.26834836,,0.000112888236302,816.802399674,188305.750991,,0.00433763916064,331,0.89
s400a,8.90023874706,11832.6747315,,0.000224825708539,530.681861892,164795.115174,,0.00322025238026,400,0.41
t175r,8.25332599536,9662.7489022,,0.000151183205229,801.263822686,223032.882779,,0.00359258156332,175,0.86
t218a,18.4737583409,10668.5045171,,0.000939976033936,464.35988353,71279.610397,,0.00651462432165,218,0.98
t296a,2.34663661609,721.917975337,,0.000769659957104,109.415041246,9903.79987547,,0.0110477839437,296,0.39
t352a,2.40592919343,540.802362727,,0.00175503722925,59.5144946401,4174.13294224,,0.0142579298416,352,0.70
v147s,0.120054911066,70.08431511,,0.000617223117799,4.55825806445,706.405657491,,0.00645274852504,147,0.23
v52g,13.0119754574,5706.93067753,,0.000542469612971,687.494510125,83370.7044861,,0.00824623606532,52,0.97
w120a,1.88009511085,59.7265349621,,0.00354692086183,66.0071990997,989.875205957,,0.0666823441,120,0.16
w120f,20.5640498128,3980.41493324,,0.00206668461723,471.77285428,29333.8324385,,0.0160828918372,120,0.78
w120h,2.4042361806,52.9343756766,,0.00430885530384,84.0752617214,942.795219966,,0.0891765888721,120,1.00
w325a,0.887988800768,2606.56875975,,0.000225120943183,29.4062719029,18242.5499783,,0.00161196060517,325,0.25
w325c,0.333729400473,327.458819388,,0.000530390554092,10.4598346352,2502.57763751,,0.00417962443139,325,0.22
w325h,1.17338522909,1645.11751409,,0.000433384041851,34.9362176696,11357.9306106,,0.00307593159946,325,1.12
w325l,1.84295367853,1198.18876421,,0.000350318054073,108.505300866,18908.7097347,,0.00573837677919,325,1.08
w34a,,0.694629412325,,,,3.54774328049,,,34,0.10
w399a,0.0122127036458,2.26411919307,,0.00252492154744,0.23516963892,14.1246319743,,0.0166496117809,399,0.96
w399c,0.126097120575,3.69452878241,,0.0058862885221,2.7146273763,38.597432466,,0.0703318123218,399,0.93
w399g,,0.173281647422,,,,1.24368905964,,,399,1.27
w399s,,0.25693505729,,,,1.7062054983,,,399,1.50
w407a,0.48900399123,236.262810149,,0.00115291539165,11.4131069735,1500.20875983,,0.00760767919713,407,0.12
w407g,,0.0861581705185,,,,0.904006890918,,,407,0.53
w407q,,0.896763419397,,,,5.05334614509,,,407,0.10
w407r,,0.41429098878,,,,3.99190694823,,,407,0.15
w409a,,0.476946388742,,,,3.20239449739,,,409,0.10
y166p,1.19398557377,1981.34473925,,0.000454195695344,26.5156746853,10595.5676134,,0.00250252517399,166,0.18
y18a,9.3313797387,772.608460637,,0.00361411733216,196.541781584,6230.13522456,,0.0315469527546,18,0.17
y294a,1.59826054133,1180.01071481,,0.000169927749623,165.550512453,33260.0805378,,0.00497745374563,294,0.59
y294f,10.7088396165,6883.15302093,,0.000324173918924,734.890555542,122750.826116,,0.00598684814427,294,0.73
y295a,0.030370441754,7.68745413784,,0.00495335329932,0.247879894466,19.1406542044,,0.012950440033,295,0.69
y295g,,0.913892527387,,,,0.904068536983,,,295,0.77
